USERID,USERNAME,USERFOLLOWERS,TEXT,CREATED,ENCODE
1232455224922521600,ElJefe__,5299,"People from NY are like people from Warri, PH and the Lagos mainland.
They think being from there automatically mak‚Ä¶ https://t.co/bCmesG7NTI",2020-02-25 23:59:58,"b'People from NY are like people from Warri, PH and the Lagos mainland.\nThey think being from there automatically mak\xe2\x80\xa6 https://t.co/bCmesG7NTI'"
1232455208485023749,KingAbdulhameed,227,"RT @LaraVue_: An Oil and Gas Servicing firm in Lagos is looking for NYSC corp members (in Geology, Petroleum Engineering, civil engineering‚Ä¶",2020-02-25 23:59:54,"b'RT @LaraVue_: An Oil and Gas Servicing firm in Lagos is looking for NYSC corp members (in Geology, Petroleum Engineering, civil engineering\xe2\x80\xa6'"
1232455170186858496,ManuelSensitive,1359,"RT @favbreed: A Hausa/Fulani man sees Kano as his world

A Yoruba man sees Lagos as his world 

While an Igbo man sees the world as his vil‚Ä¶",2020-02-25 23:59:45,b'RT @favbreed: A Hausa/Fulani man sees Kano as his world\n\nA Yoruba man sees Lagos as his world \n\nWhile an Igbo man sees the world as his vil\xe2\x80\xa6'
1232455145432109056,Matt_hardy6,1806,"RT @Birthdaysng: If today 26th of February is your birthday, Please Follow, Like, Retweet and Reply with your Picture and a message to this‚Ä¶",2020-02-25 23:59:39,"b'RT @Birthdaysng: If today 26th of February is your birthday, Please Follow, Like, Retweet and Reply with your Picture and a message to this\xe2\x80\xa6'"
1232455107809173505,lagos_giselle,694,RT @WWENoWayJose: Yo! Jin is hilarious üòÇ #BTSonFallon @BTS_twt,2020-02-25 23:59:30,b'RT @WWENoWayJose: Yo! Jin is hilarious \xf0\x9f\x98\x82 #BTSonFallon @BTS_twt'
1232455080399560714,Saintnicholas2,7280,"RT @The_Seeker76: Can you imagine ""imported"" beggars from #Arewa protesting in Lagos, barricading the entrance to the state legislature, re‚Ä¶",2020-02-25 23:59:23,"b'RT @The_Seeker76: Can you imagine ""imported"" beggars from #Arewa protesting in Lagos, barricading the entrance to the state legislature, re\xe2\x80\xa6'"
1232455069372542976,lagos_giselle,694,RT @FallonTonight: Miss a moment from tonight's #BTSOnFallon episode? We've got you covered with this YouTube playlist! https://t.co/wc29sc‚Ä¶,2020-02-25 23:59:21,"b""RT @FallonTonight: Miss a moment from tonight's #BTSOnFallon episode? We've got you covered with this YouTube playlist! https://t.co/wc29sc\xe2\x80\xa6"""
1232454912962785280,MT_Auwal,3368,"RT @AM_Saleeem: I entered a car with yesterday to Sokoto with a southern infidel lady from Gusau. She went from Lagos to KD and met a guy,‚Ä¶",2020-02-25 23:58:43,"b'RT @AM_Saleeem: I entered a car with yesterday to Sokoto with a southern infidel lady from Gusau. She went from Lagos to KD and met a guy,\xe2\x80\xa6'"
1232454849087721473,lagos_giselle,694,RT @FallonTonight: Jimmy challenges @BTS_twt to a friendly competition of Subway Olympics! Round 1: Protect the Duck! üê§ #BTSonFallon https:‚Ä¶,2020-02-25 23:58:28,b'RT @FallonTonight: Jimmy challenges @BTS_twt to a friendly competition of Subway Olympics! Round 1: Protect the Duck! \xf0\x9f\x90\xa4 #BTSonFallon https:\xe2\x80\xa6'
1232454821216579584,lagos_giselle,694,"RT @HeinzKetchup_US: We support ketchup on pastrami, @BTS_twt .",2020-02-25 23:58:21,"b'RT @HeinzKetchup_US: We support ketchup on pastrami, @BTS_twt .'"
1232454805236244482,lagos_giselle,694,"RT @HITSDD: .@BTS_twt rises with #MAP_OF_THE_SOUL_7, now aiming for #1 with biggest debut of the year (300K+). More details: https://t.co/l‚Ä¶",2020-02-25 23:58:18,"b'RT @HITSDD: .@BTS_twt rises with #MAP_OF_THE_SOUL_7, now aiming for #1 with biggest debut of the year (300K+). More details: https://t.co/l\xe2\x80\xa6'"
1232454790564569088,lagos_giselle,694,RT @EW: .@bts_bighit can‚Äôt make it through ‚ÄòA to Z‚Äô without singing some of the alphabet. üé∂ https://t.co/xqWr6RxQNe,2020-02-25 23:58:14,b'RT @EW: .@bts_bighit can\xe2\x80\x99t make it through \xe2\x80\x98A to Z\xe2\x80\x99 without singing some of the alphabet. \xf0\x9f\x8e\xb6 https://t.co/xqWr6RxQNe'
1232454771748921345,lagos_giselle,694,RT @FallonTonight: .@BTS_twt answers your #BTSAsksFallon questions! #BTSonFallon https://t.co/G6A0gFwID5,2020-02-25 23:58:10,b'RT @FallonTonight: .@BTS_twt answers your #BTSAsksFallon questions! #BTSonFallon https://t.co/G6A0gFwID5'
1232454737192202240,CallMe_LadyB,1837,RT @Dreamchaser_647: Team Baddest whenever Wizkid FC told u guys that A Good Time Album flopped and bla bla.... Just reply them that A Good‚Ä¶,2020-02-25 23:58:01,b'RT @Dreamchaser_647: Team Baddest whenever Wizkid FC told u guys that A Good Time Album flopped and bla bla.... Just reply them that A Good\xe2\x80\xa6'
1232454736525180928,OlatundeIsaac6,74,Here‚Äôs to another year and many more. @ Lekki Ajah.Lagos State https://t.co/3cunmhEmQT,2020-02-25 23:58:01,b'Here\xe2\x80\x99s to another year and many more. @ Lekki Ajah.Lagos State https://t.co/3cunmhEmQT'
1232454671127605249,lagos_giselle,694,"RT @MTV: Good morning, I've watched @BTS_twt's live performance of #ON 1,000,000 times!!! https://t.co/UiHZdgzl5b",2020-02-25 23:57:46,"b""RT @MTV: Good morning, I've watched @BTS_twt's live performance of #ON 1,000,000 times!!! https://t.co/UiHZdgzl5b"""
1232454650072203265,therealiconics,106,Catch up with Episode 16 of ICONICS SPOTLIGHT Featuring Ogidan Abayomi. The one and only Speaker of the Lagos State‚Ä¶ https://t.co/RioDPLt0Zv,2020-02-25 23:57:41,b'Catch up with Episode 16 of ICONICS SPOTLIGHT Featuring Ogidan Abayomi. The one and only Speaker of the Lagos State\xe2\x80\xa6 https://t.co/RioDPLt0Zv'
1232454645336825857,geekly_cool,1132,"@Stee_vane @lasubred 2002 then 5 years later is modern day Lagos. I'm a bit lost, World Cup reference? Don't know i‚Ä¶ https://t.co/BEoUz27d3S",2020-02-25 23:57:40,"b""@Stee_vane @lasubred 2002 then 5 years later is modern day Lagos. I'm a bit lost, World Cup reference? Don't know i\xe2\x80\xa6 https://t.co/BEoUz27d3S"""
1232454627926462464,semasir,1720,@OfficialEgoBoyo üòî üò¢.... This is Lagos,2020-02-25 23:57:35,b'@OfficialEgoBoyo \xf0\x9f\x98\x94 \xf0\x9f\x98\xa2.... This is Lagos'
1232454614194081792,Simbi_Brother,953,"RT @3rdworldugliest: Hi everyone, I've never tried this but I'm way out of options. PLEASE HELP ME SAVE MY MOM.

She was diagnosed with bre‚Ä¶",2020-02-25 23:57:32,"b""RT @3rdworldugliest: Hi everyone, I've never tried this but I'm way out of options. PLEASE HELP ME SAVE MY MOM.\n\nShe was diagnosed with bre\xe2\x80\xa6"""
1232454544862277638,iam_countryman,7624,"RT @QueenJeremiah4: Hy guess, av got some set of nice jeweries. Will be uploading a lot later on. Pls dm for price 
Location Lagos Nigeria.‚Ä¶",2020-02-25 23:57:16,"b'RT @QueenJeremiah4: Hy guess, av got some set of nice jeweries. Will be uploading a lot later on. Pls dm for price \nLocation Lagos Nigeria.\xe2\x80\xa6'"
1232454533193719809,GreatKahuja,163,@ArchieWonda @meccuno @kayode_william @atriedesP @asemota @nelsonchudi Nobody is talking about development. Calabar‚Ä¶ https://t.co/00Qbc2AZTA,2020-02-25 23:57:13,b'@ArchieWonda @meccuno @kayode_william @atriedesP @asemota @nelsonchudi Nobody is talking about development. Calabar\xe2\x80\xa6 https://t.co/00Qbc2AZTA'
1232454532023537664,Opinnana,1714,"RT @Birthdaysng: If today 26th of February is your birthday, Please Follow, Like, Retweet and Reply with your Picture and a message to this‚Ä¶",2020-02-25 23:57:12,"b'RT @Birthdaysng: If today 26th of February is your birthday, Please Follow, Like, Retweet and Reply with your Picture and a message to this\xe2\x80\xa6'"
1232454527908859904,lagos_giselle,694,RT @DanaNews3LV: How is this possible?  @bts_bighit performing in an empty Grand Central Station in Manhattan!  @jimmyfallon and @FallonTon‚Ä¶,2020-02-25 23:57:12,b'RT @DanaNews3LV: How is this possible?  @bts_bighit performing in an empty Grand Central Station in Manhattan!  @jimmyfallon and @FallonTon\xe2\x80\xa6'
1232454523223830528,sweetzeezah,117,RT @AlukoBrown: Any design agency in Lagos hiring junior graphic designers? I know 2 young designers (ladies) trying to get a place to work‚Ä¶,2020-02-25 23:57:10,b'RT @AlukoBrown: Any design agency in Lagos hiring junior graphic designers? I know 2 young designers (ladies) trying to get a place to work\xe2\x80\xa6'
1232454501560246272,sars2nyes,110,@noindentity618 Na it‚Äôs disappointing cos it was the first afronation in Portugal where are the Angolan/ South Afri‚Ä¶ https://t.co/sSh2tpB1NW,2020-02-25 23:57:05,b'@noindentity618 Na it\xe2\x80\x99s disappointing cos it was the first afronation in Portugal where are the Angolan/ South Afri\xe2\x80\xa6 https://t.co/sSh2tpB1NW'
1232454440902283264,lagos_giselle,694,"RT @itskdanie: Horarios Carpool Karaoke 

25/02:
üî∏11:35PM üá≥üáÆüá∏üáªüá≠üá≥üá®üá∑üá≤üáΩüá¨üáπ

26/02:
üî∏12:35AM üá®üá∫üá®üá¥üáµüá™üá™üá®üáµüá¶
üî∏1:35AM üáµüá∑üáªüá™üá©üá¥üáßüá¥
üî∏2:35AM üá®üá±üá∫üáæüá¶üá∑üáµüáæüáßüá∑
üî∏6:3‚Ä¶",2020-02-25 23:56:51,b'RT @itskdanie: Horarios Carpool Karaoke \n\n25/02:\n\xf0\x9f\x94\xb811:35PM \xf0\x9f\x87\xb3\xf0\x9f\x87\xae\xf0\x9f\x87\xb8\xf0\x9f\x87\xbb\xf0\x9f\x87\xad\xf0\x9f\x87\xb3\xf0\x9f\x87\xa8\xf0\x9f\x87\xb7\xf0\x9f\x87\xb2\xf0\x9f\x87\xbd\xf0\x9f\x87\xac\xf0\x9f\x87\xb9\n\n26/02:\n\xf0\x9f\x94\xb812:35AM \xf0\x9f\x87\xa8\xf0\x9f\x87\xba\xf0\x9f\x87\xa8\xf0\x9f\x87\xb4\xf0\x9f\x87\xb5\xf0\x9f\x87\xaa\xf0\x9f\x87\xaa\xf0\x9f\x87\xa8\xf0\x9f\x87\xb5\xf0\x9f\x87\xa6\n\xf0\x9f\x94\xb81:35AM \xf0\x9f\x87\xb5\xf0\x9f\x87\xb7\xf0\x9f\x87\xbb\xf0\x9f\x87\xaa\xf0\x9f\x87\xa9\xf0\x9f\x87\xb4\xf0\x9f\x87\xa7\xf0\x9f\x87\xb4\n\xf0\x9f\x94\xb82:35AM \xf0\x9f\x87\xa8\xf0\x9f\x87\xb1\xf0\x9f\x87\xba\xf0\x9f\x87\xbe\xf0\x9f\x87\xa6\xf0\x9f\x87\xb7\xf0\x9f\x87\xb5\xf0\x9f\x87\xbe\xf0\x9f\x87\xa7\xf0\x9f\x87\xb7\n\xf0\x9f\x94\xb86:3\xe2\x80\xa6'
1232454327760875520,mellonpost,26,"HDI, stakeholders lament poor conditions of Lagos schools - https://t.co/ZKdsEJrUSZ https://t.co/bwYA4cnJbW",2020-02-25 23:56:24,"b'HDI, stakeholders lament poor conditions of Lagos schools - https://t.co/ZKdsEJrUSZ https://t.co/bwYA4cnJbW'"
1232454284429496321,Unclewhay,1850,"A heat wave that trailed the Lagos harmattan is not costly, like other things in Lagos, it adds a clutter of frustr‚Ä¶ https://t.co/hkKwYfZVyf",2020-02-25 23:56:13,"b'A heat wave that trailed the Lagos harmattan is not costly, like other things in Lagos, it adds a clutter of frustr\xe2\x80\xa6 https://t.co/hkKwYfZVyf'"
1232454262350725121,Draco6996,4441,RT @AlukoBrown: Any design agency in Lagos hiring junior graphic designers? I know 2 young designers (ladies) trying to get a place to work‚Ä¶,2020-02-25 23:56:08,b'RT @AlukoBrown: Any design agency in Lagos hiring junior graphic designers? I know 2 young designers (ladies) trying to get a place to work\xe2\x80\xa6'
1232454257724411905,ii_tunes,7521,@Igwe_of_Lagos Maybe I should have sex on top the pant https://t.co/r7nWPU5JC5,2020-02-25 23:56:07,b'@Igwe_of_Lagos Maybe I should have sex on top the pant https://t.co/r7nWPU5JC5'
1232454251902713856,cabincollectn,1613,"RT @3rdworldugliest: Hi everyone, I've never tried this but I'm way out of options. PLEASE HELP ME SAVE MY MOM.

She was diagnosed with bre‚Ä¶",2020-02-25 23:56:06,"b""RT @3rdworldugliest: Hi everyone, I've never tried this but I'm way out of options. PLEASE HELP ME SAVE MY MOM.\n\nShe was diagnosed with bre\xe2\x80\xa6"""
1232454249465778182,lagos_giselle,694,"RT @extratv: .@bts_twt says their new tour is going to be ""EVERYTHING""! 

Full interview here: https://t.co/73uTX44FtJ
 
#BTS #BTSArmy http‚Ä¶",2020-02-25 23:56:05,"b'RT @extratv: .@bts_twt says their new tour is going to be ""EVERYTHING""! \n\nFull interview here: https://t.co/73uTX44FtJ\n \n#BTS #BTSArmy http\xe2\x80\xa6'"
1232454121174650882,baffa_dabai,798,"RT @AM_Saleeem: I entered a car with yesterday to Sokoto with a southern infidel lady from Gusau. She went from Lagos to KD and met a guy,‚Ä¶",2020-02-25 23:55:35,"b'RT @AM_Saleeem: I entered a car with yesterday to Sokoto with a southern infidel lady from Gusau. She went from Lagos to KD and met a guy,\xe2\x80\xa6'"
1232454090082246656,lagos_giselle,694,@BigHitEnt Wow amazing üíúüíú,2020-02-25 23:55:27,b'@BigHitEnt Wow amazing \xf0\x9f\x92\x9c\xf0\x9f\x92\x9c'
1232454078623469569,thekarynn,2117,RT @pengmanmodel: In this Lagos you have to make sure the person you‚Äôre dating is dating you too üòÇ,2020-02-25 23:55:24,b'RT @pengmanmodel: In this Lagos you have to make sure the person you\xe2\x80\x99re dating is dating you too \xf0\x9f\x98\x82'
1232453990119378944,iam_countryman,7624,"RT @QueenJeremiah4: Full stone studded necklace available for pickup 
Location Lagos 
Price 8500. https://t.co/oFlgNN7Ulk",2020-02-25 23:55:03,b'RT @QueenJeremiah4: Full stone studded necklace available for pickup \nLocation Lagos \nPrice 8500. https://t.co/oFlgNN7Ulk'
1232453988257124352,IkechukwuNwos20,424,RT @HeraldNG: Nigerian Police Officers Threaten to Shoot Mother and Child After Demanding for 10k Bribe during an Illegal stop and search O‚Ä¶,2020-02-25 23:55:03,b'RT @HeraldNG: Nigerian Police Officers Threaten to Shoot Mother and Child After Demanding for 10k Bribe during an Illegal stop and search O\xe2\x80\xa6'
1232453954321043456,Deen_______Yaro,2576,"RT @NITDANigeria: Earlier today, the Director General of @NITDANigeria, @KashifuInuwa, was honoured by CyFrica with an Award of Appreciatio‚Ä¶",2020-02-25 23:54:55,"b'RT @NITDANigeria: Earlier today, the Director General of @NITDANigeria, @KashifuInuwa, was honoured by CyFrica with an Award of Appreciatio\xe2\x80\xa6'"
1232453922507214849,klassicbam,4406,"RT @mzgbeborun: @mrmacaronii Kindly support this hustle with your patronageüò©

I have Glow in the dark 3D Wall Stickers for sale

They come‚Ä¶",2020-02-25 23:54:47,b'RT @mzgbeborun: @mrmacaronii Kindly support this hustle with your patronage\xf0\x9f\x98\xa9\n\nI have Glow in the dark 3D Wall Stickers for sale\n\nThey come\xe2\x80\xa6'
1232453818371072000,WizkidtheLegend,7368,"RT @WizkidtheLegend: Wizkid Industry Night Pictures 

Wed,February 22,2012. 
Oriental Hotel,Lagos.

Before the historic Royal Albert concer‚Ä¶",2020-02-25 23:54:22,"b'RT @WizkidtheLegend: Wizkid Industry Night Pictures \n\nWed,February 22,2012. \nOriental Hotel,Lagos.\n\nBefore the historic Royal Albert concer\xe2\x80\xa6'"
1232453625743474688,Vynchie_,7080,RT @AlukoBrown: Any design agency in Lagos hiring junior graphic designers? I know 2 young designers (ladies) trying to get a place to work‚Ä¶,2020-02-25 23:53:36,b'RT @AlukoBrown: Any design agency in Lagos hiring junior graphic designers? I know 2 young designers (ladies) trying to get a place to work\xe2\x80\xa6'
1232453625084923905,fkabudu,45498,@oni_keji Fair that makes sense. Tried Lagos state and their online resources but I'm seeing different figures in d‚Ä¶ https://t.co/JMw0hnuGFw,2020-02-25 23:53:36,"b""@oni_keji Fair that makes sense. Tried Lagos state and their online resources but I'm seeing different figures in d\xe2\x80\xa6 https://t.co/JMw0hnuGFw"""
1232453596077182976,Amb_funtua,1038,"RT @NITDANigeria: Earlier today, the Director General of @NITDANigeria, @KashifuInuwa, was honoured by CyFrica with an Award of Appreciatio‚Ä¶",2020-02-25 23:53:29,"b'RT @NITDANigeria: Earlier today, the Director General of @NITDANigeria, @KashifuInuwa, was honoured by CyFrica with an Award of Appreciatio\xe2\x80\xa6'"
1232453591060738049,j_barria,330,RT @pittLAGOS: POWER HOUR is NOW! Make a contribution of $5 or more between 6-7pm [https://t.co/vAnwft8Oq6] and LAGOS could get bonus $$ an‚Ä¶,2020-02-25 23:53:28,b'RT @pittLAGOS: POWER HOUR is NOW! Make a contribution of $5 or more between 6-7pm [https://t.co/vAnwft8Oq6] and LAGOS could get bonus $$ an\xe2\x80\xa6'
1232453547716902913,persistentAlayo,389,"RT @nneomaosumili: Vacancy for an Accountant at a Human Resource firm (NYSC)

Location: Jakande, Lagos. 

Must reside at Ajah/ Lekki axis‚Ä¶",2020-02-25 23:53:18,"b'RT @nneomaosumili: Vacancy for an Accountant at a Human Resource firm (NYSC)\n\nLocation: Jakande, Lagos. \n\nMust reside at Ajah/ Lekki axis\xe2\x80\xa6'"
1232453525721899010,SadiqAliyy,348,"RT @AsiwajuLerry: I was chatting with a girl and I asked ‚Äúwhere are you chatting from‚Äù and she replied with ‚ÄúNo. 17, Olabode George Street,‚Ä¶",2020-02-25 23:53:13,"b'RT @AsiwajuLerry: I was chatting with a girl and I asked \xe2\x80\x9cwhere are you chatting from\xe2\x80\x9d and she replied with \xe2\x80\x9cNo. 17, Olabode George Street,\xe2\x80\xa6'"
1232453509066317824,Meet_Preppie,6407,"RT @mzgbeborun: @_Taaooma Please support my hustle by retweeting üò©üò©üôè

I have Glow in the dark 3D Wall Stickers for sale

They come in 100pc‚Ä¶",2020-02-25 23:53:09,b'RT @mzgbeborun: @_Taaooma Please support my hustle by retweeting \xf0\x9f\x98\xa9\xf0\x9f\x98\xa9\xf0\x9f\x99\x8f\n\nI have Glow in the dark 3D Wall Stickers for sale\n\nThey come in 100pc\xe2\x80\xa6'
1232453500228915200,DeBlGStona,290,@coco_lagos Han Han what happun na,2020-02-25 23:53:06,b'@coco_lagos Han Han what happun na'
1232453424462974976,Engr_Ashile,7040,"@onyibueze2002 Firstly I‚Äôll advice you go for the land, my reason is that 4th mainland bridge is achievable ü§î. Then‚Ä¶ https://t.co/qVzrqh1ee5",2020-02-25 23:52:48,"b'@onyibueze2002 Firstly I\xe2\x80\x99ll advice you go for the land, my reason is that 4th mainland bridge is achievable \xf0\x9f\xa4\x94. Then\xe2\x80\xa6 https://t.co/qVzrqh1ee5'"
1232453290102681600,Em_BaTsari,1196,"RT @MohaSheikh__: Lagos is crowded, chaotic, and crumbling. https://t.co/BBdsxDOYXL",2020-02-25 23:52:16,"b'RT @MohaSheikh__: Lagos is crowded, chaotic, and crumbling. https://t.co/BBdsxDOYXL'"
1232453285388275712,TomShar12187252,2447,In #Nigeria you can now pickup free $NANO at the Nigerian central bank in #Abuja or at the @ChickenRepublic Marina‚Ä¶ https://t.co/ZftCulQkpM,2020-02-25 23:52:15,b'In #Nigeria you can now pickup free $NANO at the Nigerian central bank in #Abuja or at the @ChickenRepublic Marina\xe2\x80\xa6 https://t.co/ZftCulQkpM'
1232453201682714627,sharpy_iam,458,"RT @AsiwajuLerry: I was chatting with a girl and I asked ‚Äúwhere are you chatting from‚Äù and she replied with ‚ÄúNo. 17, Olabode George Street,‚Ä¶",2020-02-25 23:51:55,"b'RT @AsiwajuLerry: I was chatting with a girl and I asked \xe2\x80\x9cwhere are you chatting from\xe2\x80\x9d and she replied with \xe2\x80\x9cNo. 17, Olabode George Street,\xe2\x80\xa6'"
1232453148356182016,Ojemba99,492,"RT @The_Seeker76: Can you imagine ""imported"" beggars from #Arewa protesting in Lagos, barricading the entrance to the state legislature, re‚Ä¶",2020-02-25 23:51:43,"b'RT @The_Seeker76: Can you imagine ""imported"" beggars from #Arewa protesting in Lagos, barricading the entrance to the state legislature, re\xe2\x80\xa6'"
1232453046543630336,ossydavid8,20,@DONJAZZY You will enjoy it more if you go cross country like Lagos to Ghana,2020-02-25 23:51:18,b'@DONJAZZY You will enjoy it more if you go cross country like Lagos to Ghana'
1232453006001467393,jibreel_fahd,4026,"RT @mzgbeborun: @_Taaooma Please support my hustle by retweeting üò©üò©üôè

I have Glow in the dark 3D Wall Stickers for sale

They come in 100pc‚Ä¶",2020-02-25 23:51:09,b'RT @mzgbeborun: @_Taaooma Please support my hustle by retweeting \xf0\x9f\x98\xa9\xf0\x9f\x98\xa9\xf0\x9f\x99\x8f\n\nI have Glow in the dark 3D Wall Stickers for sale\n\nThey come in 100pc\xe2\x80\xa6'
1232452925579882496,kabiru_of_Lagos,15,"RT @OlaleyDavid: üö®Missing Person Alertüö®

This is DOSUNMU Yusuf Ayanda. He is a civil engineering student of Obafemi Awolowo University Ile‚Ä¶",2020-02-25 23:50:49,b'RT @OlaleyDavid: \xf0\x9f\x9a\xa8Missing Person Alert\xf0\x9f\x9a\xa8\n\nThis is DOSUNMU Yusuf Ayanda. He is a civil engineering student of Obafemi Awolowo University Ile\xe2\x80\xa6'
1232452901584306177,coco_lagos,201,RT @DanielU27833684: @TONYAGBATOR @umar_ayotunde They have started üôÑ artist that hasn‚Äôt reached their full potential y‚Äôall are already comp‚Ä¶,2020-02-25 23:50:44,b'RT @DanielU27833684: @TONYAGBATOR @umar_ayotunde They have started \xf0\x9f\x99\x84 artist that hasn\xe2\x80\x99t reached their full potential y\xe2\x80\x99all are already comp\xe2\x80\xa6'
1232452821577895936,tolulopeab,35429,"RT @DrJoeAbah: Being on Twitter is just like living in Lagos. While you live there, you can‚Äôt imagine living anywhere else. But once you le‚Ä¶",2020-02-25 23:50:25,"b'RT @DrJoeAbah: Being on Twitter is just like living in Lagos. While you live there, you can\xe2\x80\x99t imagine living anywhere else. But once you le\xe2\x80\xa6'"
1232452729689141248,Lagos_Uzcategui,179,Asies https://t.co/yjU1O4VhKt https://t.co/Nzr7WQ4Cgw,2020-02-25 23:50:03,b'Asies https://t.co/yjU1O4VhKt https://t.co/Nzr7WQ4Cgw'
1232452725318680576,coco_lagos,201,"@TONYAGBATOR Stop this rubbish! That‚Äôs how you people started Wizkid and Davido, now see!",2020-02-25 23:50:02,"b'@TONYAGBATOR Stop this rubbish! That\xe2\x80\x99s how you people started Wizkid and Davido, now see!'"
1232452649401774080,WealthySDot,7130,"RT @Darksk9petS: Hey there.... We've got dogs for you.
Both sex German Shepherd puppies
In Lagos
Priced at N40k 
Delivery is available. htt‚Ä¶",2020-02-25 23:49:44,"b""RT @Darksk9petS: Hey there.... We've got dogs for you.\nBoth sex German Shepherd puppies\nIn Lagos\nPriced at N40k \nDelivery is available. htt\xe2\x80\xa6"""
1232452624269467648,SammyKay_Baby,874,"RT @Engr_Series: Just another day at Mile12 Lagos, SARS officials planted weed in a guy‚Äôs car. He was lucky to have his girl record the who‚Ä¶",2020-02-25 23:49:38,"b'RT @Engr_Series: Just another day at Mile12 Lagos, SARS officials planted weed in a guy\xe2\x80\x99s car. He was lucky to have his girl record the who\xe2\x80\xa6'"
1232452505994285056,juneeyor_ogbe,613,"RT @holardamolar: New worker transferred from another state to Lagos

Manager: ""What attribute do you possess as a worker?""

Worker: ""I'm a‚Ä¶",2020-02-25 23:49:09,"b'RT @holardamolar: New worker transferred from another state to Lagos\n\nManager: ""What attribute do you possess as a worker?""\n\nWorker: ""I\'m a\xe2\x80\xa6'"
1232452497702154240,callkesy,1292,"RT @tunde_osho: Guys please I'm looking for a job

B.Sc Computer Science
Done with NYSC
6months Internship experience with Swift Networks.‚Ä¶",2020-02-25 23:49:07,"b""RT @tunde_osho: Guys please I'm looking for a job\n\nB.Sc Computer Science\nDone with NYSC\n6months Internship experience with Swift Networks.\xe2\x80\xa6"""
1232452464521007104,lagos_princess,646,"RT @keadrive_follow: Allow me to boost your audience, Retweet and drop your usernames. let's follow you",2020-02-25 23:49:00,"b""RT @keadrive_follow: Allow me to boost your audience, Retweet and drop your usernames. let's follow you"""
1232452382673403904,Emerald57783552,0,@Helo_iG7A @aengelicbts @LiveNation_LA Lagos is good too but an army can only dream right maybe they'll come one da‚Ä¶ https://t.co/OQVNlTO3gG,2020-02-25 23:48:40,"b""@Helo_iG7A @aengelicbts @LiveNation_LA Lagos is good too but an army can only dream right maybe they'll come one da\xe2\x80\xa6 https://t.co/OQVNlTO3gG"""
1232452381431877632,Enchantress505,542,"RT @AsiwajuLerry: I was chatting with a girl and I asked ‚Äúwhere are you chatting from‚Äù and she replied with ‚ÄúNo. 17, Olabode George Street,‚Ä¶",2020-02-25 23:48:40,"b'RT @AsiwajuLerry: I was chatting with a girl and I asked \xe2\x80\x9cwhere are you chatting from\xe2\x80\x9d and she replied with \xe2\x80\x9cNo. 17, Olabode George Street,\xe2\x80\xa6'"
1232452331200843776,IamtheOGee,1827,@Ekwulu The ones holding idiotic placards are kids gandollar should come for them all and spend some of that $ on t‚Ä¶ https://t.co/ApeojM64pu,2020-02-25 23:48:28,b'@Ekwulu The ones holding idiotic placards are kids gandollar should come for them all and spend some of that $ on t\xe2\x80\xa6 https://t.co/ApeojM64pu'
1232452328994697216,thegirltia__,923,"RT @3rdworldugliest: Hi everyone, I've never tried this but I'm way out of options. PLEASE HELP ME SAVE MY MOM.

She was diagnosed with bre‚Ä¶",2020-02-25 23:48:27,"b""RT @3rdworldugliest: Hi everyone, I've never tried this but I'm way out of options. PLEASE HELP ME SAVE MY MOM.\n\nShe was diagnosed with bre\xe2\x80\xa6"""
1232452296228798464,UnbentL,1198,"RT @Great_blogging: Systems Engineer at Visual Brand Agency, Lagos

...

Deadline: Mar. 10, 2020

BSc/HND in Compt. Sci, Engr. 
working exp‚Ä¶",2020-02-25 23:48:19,"b'RT @Great_blogging: Systems Engineer at Visual Brand Agency, Lagos\n\n...\n\nDeadline: Mar. 10, 2020\n\nBSc/HND in Compt. Sci, Engr. \nworking exp\xe2\x80\xa6'"
1232452277488668672,UnbentL,1198,"RT @Great_blogging: A male Operations Supervisor is needed at a Cosmetic Production company in Lagos.

Candidate must reside within the Aja‚Ä¶",2020-02-25 23:48:15,b'RT @Great_blogging: A male Operations Supervisor is needed at a Cosmetic Production company in Lagos.\n\nCandidate must reside within the Aja\xe2\x80\xa6'
1232452265245429760,UnbentL,1198,"RT @Great_blogging: Vacancy for an Accountant at a Human Resource firm (NYSC)

Location: Jakande, Lagos. 

Must reside at Ajah/ Lekki axis‚Ä¶",2020-02-25 23:48:12,"b'RT @Great_blogging: Vacancy for an Accountant at a Human Resource firm (NYSC)\n\nLocation: Jakande, Lagos. \n\nMust reside at Ajah/ Lekki axis\xe2\x80\xa6'"
1232452256236105728,UnbentL,1198,"RT @Great_blogging: Receptionist and Marketers.

Company Name: Centurion Coworking Space
Location : Lekki, Lagos
Deadline: March 2, 2020

C‚Ä¶",2020-02-25 23:48:10,"b'RT @Great_blogging: Receptionist and Marketers.\n\nCompany Name: Centurion Coworking Space\nLocation : Lekki, Lagos\nDeadline: March 2, 2020\n\nC\xe2\x80\xa6'"
1232452238498418689,UnbentL,1198,"RT @CareermattersNG: Sales Representative
Locations: Abuja, Port-Harcourt

Interested and qualified candidates should send their CV with Ph‚Ä¶",2020-02-25 23:48:06,"b'RT @CareermattersNG: Sales Representative\nLocations: Abuja, Port-Harcourt\n\nInterested and qualified candidates should send their CV with Ph\xe2\x80\xa6'"
1232452166574473216,AdekunleDolap12,118,"RT @opeyemioab: i miss Lagos, Nigeria. üòñ https://t.co/KJB69eky9t",2020-02-25 23:47:49,"b'RT @opeyemioab: i miss Lagos, Nigeria. \xf0\x9f\x98\x96 https://t.co/KJB69eky9t'"
1232452132537696256,ADELIYIemma,1502,"RT @3rdworldugliest: Hi everyone, I've never tried this but I'm way out of options. PLEASE HELP ME SAVE MY MOM.

She was diagnosed with bre‚Ä¶",2020-02-25 23:47:40,"b""RT @3rdworldugliest: Hi everyone, I've never tried this but I'm way out of options. PLEASE HELP ME SAVE MY MOM.\n\nShe was diagnosed with bre\xe2\x80\xa6"""
1232452129429676032,mahddyboy,1519,RT @joekingston24: With the Gang in Lagos üá≥üá¨ @IamMayorKun @Peruzi_VIBES @JinmiAbduls https://t.co/JYbxmPCIKx,2020-02-25 23:47:40,b'RT @joekingston24: With the Gang in Lagos \xf0\x9f\x87\xb3\xf0\x9f\x87\xac @IamMayorKun @Peruzi_VIBES @JinmiAbduls https://t.co/JYbxmPCIKx'
1232452105538899968,obagomez1,2675,@CharityOwoh @Judlyn3 @Iyanya @hotfm_lagos Please epp me too,2020-02-25 23:47:34,b'@CharityOwoh @Judlyn3 @Iyanya @hotfm_lagos Please epp me too'
1232452006310076416,investorlacoste,2141,"@uptownnaijaent U welcome
We hope to have more of gbogbotigbogbo in lagos",2020-02-25 23:47:10,b'@uptownnaijaent U welcome\nWe hope to have more of gbogbotigbogbo in lagos'
1232451960772550656,dharmmy_king,1351,RT @HeraldNG: Nigerian Police Officers Threaten to Shoot Mother and Child After Demanding for 10k Bribe during an Illegal stop and search O‚Ä¶,2020-02-25 23:46:59,b'RT @HeraldNG: Nigerian Police Officers Threaten to Shoot Mother and Child After Demanding for 10k Bribe during an Illegal stop and search O\xe2\x80\xa6'
1232451926899322880,kumben_,1071,"RT @twyse_116: Naija! Are you ReadyüòÅ!!‚Å£

TWYSE AND FAMILY - The Movie. 

In Cinemas : 21st March 2020‚Å£

Venue: MEGA 1 CINEMAS, Prime Mall,‚Ä¶",2020-02-25 23:46:51,"b'RT @twyse_116: Naija! Are you Ready\xf0\x9f\x98\x81!!\xe2\x81\xa3\n\nTWYSE AND FAMILY - The Movie. \n\nIn Cinemas : 21st March 2020\xe2\x81\xa3\n\nVenue: MEGA 1 CINEMAS, Prime Mall,\xe2\x80\xa6'"
1232451921283149824,Lagos_Uzcategui,179,RT @mera507: Twitter. https://t.co/HoIZOuhuxs,2020-02-25 23:46:50,b'RT @mera507: Twitter. https://t.co/HoIZOuhuxs'
1232451885237276672,Abdulah_Saka,82,"RT @BIMAfrica_Org: Where would you be on June 10th? Shouldn't you be in the heart of Africa's commercial megacity?

Join us from 10th to 12‚Ä¶",2020-02-25 23:46:41,"b""RT @BIMAfrica_Org: Where would you be on June 10th? Shouldn't you be in the heart of Africa's commercial megacity?\n\nJoin us from 10th to 12\xe2\x80\xa6"""
1232451877154869248,Cemmysola,1114,@PeterEbipade A graduate of marine biology university of Lagos and a few other certifications. Any good job biko th‚Ä¶ https://t.co/zkRsFCS2pi,2020-02-25 23:46:40,b'@PeterEbipade A graduate of marine biology university of Lagos and a few other certifications. Any good job biko th\xe2\x80\xa6 https://t.co/zkRsFCS2pi'
1232451875493961728,PhyfaTim,444,"Day 1 coaching internship with Barcelona Academy, Lagos. Already feeling great! https://t.co/IjjAxyRnlJ",2020-02-25 23:46:39,"b'Day 1 coaching internship with Barcelona Academy, Lagos. Already feeling great! https://t.co/IjjAxyRnlJ'"
1232451801791762433,PharaohMenya,951,"RT @cobbo3: Lagos records massive drop in fatal accidents after boda boda (okada) ban. In Jan. 2020 b4 restrictions, there were 19 accident‚Ä¶",2020-02-25 23:46:22,"b'RT @cobbo3: Lagos records massive drop in fatal accidents after boda boda (okada) ban. In Jan. 2020 b4 restrictions, there were 19 accident\xe2\x80\xa6'"
1232451765758390272,bontusss,1815,Lagos needs to be decentralized üòè,2020-02-25 23:46:13,b'Lagos needs to be decentralized \xf0\x9f\x98\x8f'
1232451696736915457,Kamilitarry,1603,"RT @fkabudu: Finding accurate public data about Lagos/Nigeria is a hilarious feat. First of all, we don't even know how many we are",2020-02-25 23:45:57,"b""RT @fkabudu: Finding accurate public data about Lagos/Nigeria is a hilarious feat. First of all, we don't even know how many we are"""
1232451649190297600,IamtheOGee,1827,@von_Bismack @The_Seeker76 @AyoadehassanHa @LNCtoday @Tina_tinny99 @amlosingweight @ayemojubar @CACCOT1 @dunua‚Ä¶ https://t.co/fkxhtEBZad,2020-02-25 23:45:45,b'@von_Bismack @The_Seeker76 @AyoadehassanHa @LNCtoday @Tina_tinny99 @amlosingweight @ayemojubar @CACCOT1 @dunua\xe2\x80\xa6 https://t.co/fkxhtEBZad'
1232451591183036416,DavisFamous3,404,"RT @TheViralTrendz: --  Lady helps her boyfriend regain  freedom after capturing SARS operatives planting weed in his car at Mile12, Lagos‚Ä¶",2020-02-25 23:45:31,"b'RT @TheViralTrendz: --  Lady helps her boyfriend regain  freedom after capturing SARS operatives planting weed in his car at Mile12, Lagos\xe2\x80\xa6'"
1232451564066881536,Nutcrackernews1,250,See The Moment Lagos Beggars Protest At Governor Sanwo-olu‚Äôs Office And House Of Assembly¬†(Photos)‚Ä¶ https://t.co/5saQHbWUhr,2020-02-25 23:45:25,b'See The Moment Lagos Beggars Protest At Governor Sanwo-olu\xe2\x80\x99s Office And House Of Assembly\xc2\xa0(Photos)\xe2\x80\xa6 https://t.co/5saQHbWUhr'
1232451554931687424,SavingMesAynak,17782,"RT @NaijaFederation: As protesters demand response from the #Lagos State government from their last protest, which the state government @ji‚Ä¶",2020-02-25 23:45:23,"b'RT @NaijaFederation: As protesters demand response from the #Lagos State government from their last protest, which the state government @ji\xe2\x80\xa6'"
1232451543086977024,UnbentL,1198,"RT @magodolagos: Urgent recruitment 

Night Auditors 

Location: Lagos island

Salary N80,000 net
 experience: 3year industry experience

C‚Ä¶",2020-02-25 23:45:20,"b'RT @magodolagos: Urgent recruitment \n\nNight Auditors \n\nLocation: Lagos island\n\nSalary N80,000 net\n experience: 3year industry experience\n\nC\xe2\x80\xa6'"
1232451532630581248,steve_rogars,1194,@clare_lco I see @Jibola__i  on your header I taught you stay in Lagos coz I know his full blooded Lagos boy,2020-02-25 23:45:17,b'@clare_lco I see @Jibola__i  on your header I taught you stay in Lagos coz I know his full blooded Lagos boy'
1232451455946084352,Abbieee____,2397,RT @TukeMorgan: There are many crazy people in this Lagos,2020-02-25 23:44:59,b'RT @TukeMorgan: There are many crazy people in this Lagos'
1232451424077795328,Acillion,1674,"RT @Dehkunle: One minute bikes are banned in lagos ,the next minute they show some Chinko half life motors as alternative ; someone somewhe‚Ä¶",2020-02-25 23:44:51,"b'RT @Dehkunle: One minute bikes are banned in lagos ,the next minute they show some Chinko half life motors as alternative ; someone somewhe\xe2\x80\xa6'"
1232451410173710336,Oluwatimmie1,2824,"RT @AsiwajuLerry: I was chatting with a girl and I asked ‚Äúwhere are you chatting from‚Äù and she replied with ‚ÄúNo. 17, Olabode George Street,‚Ä¶",2020-02-25 23:44:48,"b'RT @AsiwajuLerry: I was chatting with a girl and I asked \xe2\x80\x9cwhere are you chatting from\xe2\x80\x9d and she replied with \xe2\x80\x9cNo. 17, Olabode George Street,\xe2\x80\xa6'"
1232451381115506688,obiag_u,2389,RT @Vaness_ah: Lagos heat = my excuse to thot it up https://t.co/WlLbdIJytI,2020-02-25 23:44:41,b'RT @Vaness_ah: Lagos heat = my excuse to thot it up https://t.co/WlLbdIJytI'
1232451375230939138,AStezzy1,101,"RT @ibrahimhenry6: If you want a Concert that will turn out to be Clubbing,then it‚Äôs worth 80$  #AGOODTIMECONCERT IN LAGOS is a Quick Examp‚Ä¶",2020-02-25 23:44:40,"b'RT @ibrahimhenry6: If you want a Concert that will turn out to be Clubbing,then it\xe2\x80\x99s worth 80$  #AGOODTIMECONCERT IN LAGOS is a Quick Examp\xe2\x80\xa6'"
1232451294171783168,PreyeTamz,386,"RT @AM_Saleeem: I entered a car with yesterday to Sokoto with a southern infidel lady from Gusau. She went from Lagos to KD and met a guy,‚Ä¶",2020-02-25 23:44:21,"b'RT @AM_Saleeem: I entered a car with yesterday to Sokoto with a southern infidel lady from Gusau. She went from Lagos to KD and met a guy,\xe2\x80\xa6'"
1232451272311070721,lagos_princess,646,"RT @jibbyford_: If you‚Äôre active but have less than 50k followers üçÜüçë

Kindly Follow,Retweet and Drop your handle let's follow each other ü§óü§óü§ó",2020-02-25 23:44:15,"b""RT @jibbyford_: If you\xe2\x80\x99re active but have less than 50k followers \xf0\x9f\x8d\x86\xf0\x9f\x8d\x91\n\nKindly Follow,Retweet and Drop your handle let's follow each other \xf0\x9f\xa4\x97\xf0\x9f\xa4\x97\xf0\x9f\xa4\x97"""
1232451272088776704,_aligorithm,764,"RT @ZaynabWaldorf: ‚Ç¶25,000 üõç

Issey Miyake Nuit D'issey ‚ÄúPulse Of The Night‚Äù - EDP - 100ml - For Men.

Note: Oriental leather woodsy.

A st‚Ä¶",2020-02-25 23:44:15,"b""RT @ZaynabWaldorf: \xe2\x82\xa625,000 \xf0\x9f\x9b\x8d\n\nIssey Miyake Nuit D'issey \xe2\x80\x9cPulse Of The Night\xe2\x80\x9d - EDP - 100ml - For Men.\n\nNote: Oriental leather woodsy.\n\nA st\xe2\x80\xa6"""
1232451259908513792,coco_lagos,201,"I‚Äôd make eye contact grabbing your balls in my hand and throbbing on your dick with my warm, wet, slimy, slippery mouth",2020-02-25 23:44:12,"b'I\xe2\x80\x99d make eye contact grabbing your balls in my hand and throbbing on your dick with my warm, wet, slimy, slippery mouth'"
1232451255953264640,coco_lagos,201,And moan while at it,2020-02-25 23:44:11,b'And moan while at it'
1232451251436015617,coco_lagos,201,"I‚Äôd move my slippery, wet tongue around it in a circular motion",2020-02-25 23:44:10,"b'I\xe2\x80\x99d move my slippery, wet tongue around it in a circular motion'"
1232451247908634624,coco_lagos,201,Then I‚Äôd stroke it and take it gently in a grip and put all of you in my mouth,2020-02-25 23:44:09,b'Then I\xe2\x80\x99d stroke it and take it gently in a grip and put all of you in my mouth'
1232451242296655873,coco_lagos,201,I‚Äôd run my fingers through the side of your face last your chest down to your dick,2020-02-25 23:44:08,b'I\xe2\x80\x99d run my fingers through the side of your face last your chest down to your dick'
1232451236227534849,coco_lagos,201,"Here‚Äôs a thread of what I‚Äôd do to you when I see you, I‚Äôd baptize you in kisses",2020-02-25 23:44:07,"b'Here\xe2\x80\x99s a thread of what I\xe2\x80\x99d do to you when I see you, I\xe2\x80\x99d baptize you in kisses'"
1232451178463547393,_rochida,76,@timi_of_lagos Yes yes,2020-02-25 23:43:53,b'@timi_of_lagos Yes yes'
1232451140429598720,Orcabi_music,5990,@Okikechukwukere @Cutewalterr You dey do Lagos to Calabar for person pikin body? https://t.co/YRBvgdhZeR,2020-02-25 23:43:44,b'@Okikechukwukere @Cutewalterr You dey do Lagos to Calabar for person pikin body? https://t.co/YRBvgdhZeR'
1232451054421204993,Yh_riTe,643,"This @MTNNG is officially the worst browsing network in Lagos, Nigeria. For a month now I‚Äôve had the worst browsing‚Ä¶ https://t.co/VOE0z2TLzV",2020-02-25 23:43:23,"b'This @MTNNG is officially the worst browsing network in Lagos, Nigeria. For a month now I\xe2\x80\x99ve had the worst browsing\xe2\x80\xa6 https://t.co/VOE0z2TLzV'"
1232451005255544832,AStezzy1,101,"RT @ElvisAlado: Hello My 30BG lovers
Hello Twitter. This is the closest I have ever been. Help me click this IG link and mention @davido he‚Ä¶",2020-02-25 23:43:12,b'RT @ElvisAlado: Hello My 30BG lovers\nHello Twitter. This is the closest I have ever been. Help me click this IG link and mention @davido he\xe2\x80\xa6'
1232450997265432577,ashmhyke,244,"2020 Official Album Is Out Now!
From The Stable Of Alhaji Wasiu Alabi Pasuma,
Gauzu Fuji,Government Of Fuji Music,O‚Ä¶ https://t.co/Ets6FY3kEw",2020-02-25 23:43:10,"b'2020 Official Album Is Out Now!\nFrom The Stable Of Alhaji Wasiu Alabi Pasuma,\nGauzu Fuji,Government Of Fuji Music,O\xe2\x80\xa6 https://t.co/Ets6FY3kEw'"
1232450987396194304,iember133,132,"RT @3rdworldugliest: Hi everyone, I've never tried this but I'm way out of options. PLEASE HELP ME SAVE MY MOM.

She was diagnosed with bre‚Ä¶",2020-02-25 23:43:07,"b""RT @3rdworldugliest: Hi everyone, I've never tried this but I'm way out of options. PLEASE HELP ME SAVE MY MOM.\n\nShe was diagnosed with bre\xe2\x80\xa6"""
1232450950381498371,kaystrit32,119,"RT @Gidi_Traffic: ""@HeraldNG: Nigerian Police Officers Threaten to Shoot Mother and Child After Demanding for 10k Bribe during an Illegal s‚Ä¶",2020-02-25 23:42:59,"b'RT @Gidi_Traffic: ""@HeraldNG: Nigerian Police Officers Threaten to Shoot Mother and Child After Demanding for 10k Bribe during an Illegal s\xe2\x80\xa6'"
1232450932094328832,oduabiodun,381,@petercool_ @FEMMY466 Pls do you stay in Lagos,2020-02-25 23:42:54,b'@petercool_ @FEMMY466 Pls do you stay in Lagos'
1232450901832417280,von_Bismack,7028,@IamtheOGee @The_Seeker76 @AyoadehassanHa @LNCtoday @Tina_tinny99 @amlosingweight @ayemojubar @CACCOT1 @dunua‚Ä¶ https://t.co/yq5Nmawiu1,2020-02-25 23:42:47,b'@IamtheOGee @The_Seeker76 @AyoadehassanHa @LNCtoday @Tina_tinny99 @amlosingweight @ayemojubar @CACCOT1 @dunua\xe2\x80\xa6 https://t.co/yq5Nmawiu1'
1232450858668814336,Chidex502,19,"@thoyosea Contact us for your IT networking, CCTV Cameras and Solar Inverters within and outside Lagos via:+2348131‚Ä¶ https://t.co/lqVl59rFPd",2020-02-25 23:42:37,"b'@thoyosea Contact us for your IT networking, CCTV Cameras and Solar Inverters within and outside Lagos via:+2348131\xe2\x80\xa6 https://t.co/lqVl59rFPd'"
1232450828159422465,Popular515,4679,"RT @NNPCgroup: PHOTO NEWS: 

Today in Lagos, GMD @NNPCgroup Mallam @MKKyari (represented by the COO Gas &amp; Power, Engr. Yusuf Usman (@YUsman‚Ä¶",2020-02-25 23:42:29,"b'RT @NNPCgroup: PHOTO NEWS: \n\nToday in Lagos, GMD @NNPCgroup Mallam @MKKyari (represented by the COO Gas &amp; Power, Engr. Yusuf Usman (@YUsman\xe2\x80\xa6'"
1232450809348050945,Janedorcy,513,Lagos where are you? https://t.co/pgnFdAd6Az,2020-02-25 23:42:25,b'Lagos where are you? https://t.co/pgnFdAd6Az'
1232450782538039296,JoshuaaEze,4422,RT @Emmanue50088843: If u are travelling to the east by road from Lagos please be careful. https://t.co/qMSsawUIa8,2020-02-25 23:42:19,b'RT @Emmanue50088843: If u are travelling to the east by road from Lagos please be careful. https://t.co/qMSsawUIa8'
1232450622051405824,Hermosa_Major,5172,RT @Vivaciousballng: Lineup of acts that will be performing at the #VivaciousBall40 event happening on the 8th of March 2020 (International‚Ä¶,2020-02-25 23:41:40,b'RT @Vivaciousballng: Lineup of acts that will be performing at the #VivaciousBall40 event happening on the 8th of March 2020 (International\xe2\x80\xa6'
1232450618813345792,PrimadentI,829,"We would commence training of volunteers today for our Lagos State School Oral Health Promotion Project.
See flyer‚Ä¶ https://t.co/oP68YQV7Hi",2020-02-25 23:41:40,b'We would commence training of volunteers today for our Lagos State School Oral Health Promotion Project.\nSee flyer\xe2\x80\xa6 https://t.co/oP68YQV7Hi'
1232450610634444800,__Samad_,3908,RT @joekingston24: With the Gang in Lagos üá≥üá¨ @IamMayorKun @Peruzi_VIBES @JinmiAbduls https://t.co/JYbxmPCIKx,2020-02-25 23:41:38,b'RT @joekingston24: With the Gang in Lagos \xf0\x9f\x87\xb3\xf0\x9f\x87\xac @IamMayorKun @Peruzi_VIBES @JinmiAbduls https://t.co/JYbxmPCIKx'
1232450601297928193,isaacazuka1,331,"RT @3rdworldugliest: Hi everyone, I've never tried this but I'm way out of options. PLEASE HELP ME SAVE MY MOM.

She was diagnosed with bre‚Ä¶",2020-02-25 23:41:35,"b""RT @3rdworldugliest: Hi everyone, I've never tried this but I'm way out of options. PLEASE HELP ME SAVE MY MOM.\n\nShe was diagnosed with bre\xe2\x80\xa6"""
1232450541579452416,C__Emeka,3107,RT @jemimah_og: hello üíï!!! come see our play this weekend at the lagos theatre festival. i promise its something youve never seen before.‚Ä¶,2020-02-25 23:41:21,b'RT @jemimah_og: hello \xf0\x9f\x92\x95!!! come see our play this weekend at the lagos theatre festival. i promise its something youve never seen before.\xe2\x80\xa6'
1232450539356483584,YaraRaffoul,142,My new best friend at this fuckin burning hot weather in Lagos https://t.co/KwrnhCdQtE,2020-02-25 23:41:21,b'My new best friend at this fuckin burning hot weather in Lagos https://t.co/KwrnhCdQtE'
1232450458477744128,Ellisalacci1,178,"RT @Nairafame_: Happened In Lagos Today, Police Officer Threaten To Shoot Mother &amp; Child After They Refused To Give Him 10K Bribe. 

Watch‚Ä¶",2020-02-25 23:41:01,"b'RT @Nairafame_: Happened In Lagos Today, Police Officer Threaten To Shoot Mother &amp; Child After They Refused To Give Him 10K Bribe. \n\nWatch\xe2\x80\xa6'"
1232450449640288258,lagos_princess,646,"RT @keadrive_follow: Drop your emoji target and Retweet

          üíú1k
          üíõ2k
          üíö3k
          üíô4k
          ‚ù§Ô∏è5k",2020-02-25 23:40:59,b'RT @keadrive_follow: Drop your emoji target and Retweet\n\n          \xf0\x9f\x92\x9c1k\n          \xf0\x9f\x92\x9b2k\n          \xf0\x9f\x92\x9a3k\n          \xf0\x9f\x92\x994k\n          \xe2\x9d\xa4\xef\xb8\x8f5k'
1232450409408499712,Sjsuccess,330,"RT @AbdulkhaliqHa18: I used to trek from lagos to abekouta just so I could go to school and become successful,now I own 25 luxurious cars.",2020-02-25 23:40:50,"b'RT @AbdulkhaliqHa18: I used to trek from lagos to abekouta just so I could go to school and become successful,now I own 25 luxurious cars.'"
1232450399489028097,sucre_ade,3783,Mr ooni of Lagos state junior model college badore I hope u have been given award for the most ‚Äúwicked cane floggin‚Ä¶ https://t.co/SdVpUIP51t,2020-02-25 23:40:47,b'Mr ooni of Lagos state junior model college badore I hope u have been given award for the most \xe2\x80\x9cwicked cane floggin\xe2\x80\xa6 https://t.co/SdVpUIP51t'
1232450396422983680,sarkisaleh1,225,"RT @adamugarba: A Story: While driving with my almajira wife, Aishatu &amp; listening to old school songs, she challenged me if I know the late‚Ä¶",2020-02-25 23:40:46,"b'RT @adamugarba: A Story: While driving with my almajira wife, Aishatu &amp; listening to old school songs, she challenged me if I know the late\xe2\x80\xa6'"
1232450346271666176,Jimmyflames,1402,"RT @DrJoeAbah: Being on Twitter is just like living in Lagos. While you live there, you can‚Äôt imagine living anywhere else. But once you le‚Ä¶",2020-02-25 23:40:35,"b'RT @DrJoeAbah: Being on Twitter is just like living in Lagos. While you live there, you can\xe2\x80\x99t imagine living anywhere else. But once you le\xe2\x80\xa6'"
1232450315271585794,peterugo11,215,RT @HeraldNG: Nigerian Police Officers Threaten to Shoot Mother and Child After Demanding for 10k Bribe during an Illegal stop and search O‚Ä¶,2020-02-25 23:40:27,b'RT @HeraldNG: Nigerian Police Officers Threaten to Shoot Mother and Child After Demanding for 10k Bribe during an Illegal stop and search O\xe2\x80\xa6'
1232450295914876932,habeebahtii,3,"RT @DrJoeAbah: Being on Twitter is just like living in Lagos. While you live there, you can‚Äôt imagine living anywhere else. But once you le‚Ä¶",2020-02-25 23:40:23,"b'RT @DrJoeAbah: Being on Twitter is just like living in Lagos. While you live there, you can\xe2\x80\x99t imagine living anywhere else. But once you le\xe2\x80\xa6'"
1232450289875030016,psnypg_lagos,870,"""Mallinckrodt Reaches $1.6 Billion Deal to Settle Opioid Lawsuits"" by BY SHEILA KAPLAN AND JAN HOFFMAN via NYT New‚Ä¶ https://t.co/SJFehdu0Rd",2020-02-25 23:40:21,"b'""Mallinckrodt Reaches $1.6 Billion Deal to Settle Opioid Lawsuits"" by BY SHEILA KAPLAN AND JAN HOFFMAN via NYT New\xe2\x80\xa6 https://t.co/SJFehdu0Rd'"
1232450287517892608,sesedey,7007,"RT @mzgbeborun: @_Taaooma Please support my hustle by retweeting üò©üò©üôè

I have Glow in the dark 3D Wall Stickers for sale

They come in 100pc‚Ä¶",2020-02-25 23:40:21,b'RT @mzgbeborun: @_Taaooma Please support my hustle by retweeting \xf0\x9f\x98\xa9\xf0\x9f\x98\xa9\xf0\x9f\x99\x8f\n\nI have Glow in the dark 3D Wall Stickers for sale\n\nThey come in 100pc\xe2\x80\xa6'
1232450230894780417,westwill_01,654,"@justempower @jidesanwoolu This is definitely insensitive of me. But if i may. 
How did they get to lagos ?
Where they born here ?",2020-02-25 23:40:07,b'@justempower @jidesanwoolu This is definitely insensitive of me. But if i may. \nHow did they get to lagos ?\nWhere they born here ?'
1232450224766869504,sagagist,4211,"RT @sagagist: Expert explains reason for heat in Lagos, Port Harcourt https://t.co/98txnXLf4Z #sagagist",2020-02-25 23:40:06,"b'RT @sagagist: Expert explains reason for heat in Lagos, Port Harcourt https://t.co/98txnXLf4Z #sagagist'"
1232450221877026816,accrydalistings,1176,"Selling: Newly Built 5 Bedroom Detached Duplex at Omole Phase 1, Lagos
https://t.co/8W23FlLNOM",2020-02-25 23:40:05,"b'Selling: Newly Built 5 Bedroom Detached Duplex at Omole Phase 1, Lagos\nhttps://t.co/8W23FlLNOM'"
1232450216575397888,accryda2Dcrowd,2357,"Selling: Newly Built 5 Bedroom Detached Duplex at Omole Phase 1, Lagos
https://t.co/rscJzdDS5T",2020-02-25 23:40:04,"b'Selling: Newly Built 5 Bedroom Detached Duplex at Omole Phase 1, Lagos\nhttps://t.co/rscJzdDS5T'"
1232450216403460096,SophiAlero,1032,@mopefasakin I was gisting my cousin about my lagos-badagry express driving days. When there would be traffic and I‚Ä¶ https://t.co/1lvTuTV0Ca,2020-02-25 23:40:04,b'@mopefasakin I was gisting my cousin about my lagos-badagry express driving days. When there would be traffic and I\xe2\x80\xa6 https://t.co/1lvTuTV0Ca'
1232450211286372352,accryda2Dbiz,1701,"Selling: Newly Built 5 Bedroom Detached Duplex at Omole Phase 1, Lagos
https://t.co/Bgl1inyNBh",2020-02-25 23:40:02,"b'Selling: Newly Built 5 Bedroom Detached Duplex at Omole Phase 1, Lagos\nhttps://t.co/Bgl1inyNBh'"
1232450202901995520,Olamidele6,2340,"RT @DrJoeAbah: Being on Twitter is just like living in Lagos. While you live there, you can‚Äôt imagine living anywhere else. But once you le‚Ä¶",2020-02-25 23:40:00,"b'RT @DrJoeAbah: Being on Twitter is just like living in Lagos. While you live there, you can\xe2\x80\x99t imagine living anywhere else. But once you le\xe2\x80\xa6'"
1232450190868537344,aliyu_tasleem,1256,"RT @AM_Saleeem: I entered a car with yesterday to Sokoto with a southern infidel lady from Gusau. She went from Lagos to KD and met a guy,‚Ä¶",2020-02-25 23:39:57,"b'RT @AM_Saleeem: I entered a car with yesterday to Sokoto with a southern infidel lady from Gusau. She went from Lagos to KD and met a guy,\xe2\x80\xa6'"
1232450099248168961,itsJovin,544,"Bam link in my bio

#bam @ Lagos, Nigeria https://t.co/Odl3jEZHmN",2020-02-25 23:39:36,"b'Bam link in my bio\n\n#bam @ Lagos, Nigeria https://t.co/Odl3jEZHmN'"
1232450082294755328,SpontaneousLola,674,@Igwe_of_Lagos @_MitchThagod Why can‚Äôt heüôÑ,2020-02-25 23:39:32,b'@Igwe_of_Lagos @_MitchThagod Why can\xe2\x80\x99t he\xf0\x9f\x99\x84'
1232449995330052098,kemisage,136,RT @idlass1: #fashion #model #lagos #CHEBAY Allianz Arena  Abraham   Tammy #tachaxmypaddi pulisic London muller Reece James #NAPBAR willian‚Ä¶,2020-02-25 23:39:11,b'RT @idlass1: #fashion #model #lagos #CHEBAY Allianz Arena  Abraham   Tammy #tachaxmypaddi pulisic London muller Reece James #NAPBAR willian\xe2\x80\xa6'
1232449979664359424,sewatanda,787,RT @jemimah_og: hello üíï!!! come see our play this weekend at the lagos theatre festival. i promise its something youve never seen before.‚Ä¶,2020-02-25 23:39:07,b'RT @jemimah_og: hello \xf0\x9f\x92\x95!!! come see our play this weekend at the lagos theatre festival. i promise its something youve never seen before.\xe2\x80\xa6'
1232449951340216320,Isah_Zubayr,2062,"RT @MohaSheikh__: Lagos is crowded, chaotic, and crumbling. https://t.co/BBdsxDOYXL",2020-02-25 23:39:00,"b'RT @MohaSheikh__: Lagos is crowded, chaotic, and crumbling. https://t.co/BBdsxDOYXL'"
1232449943840755717,Horlah_davies,54,@MBuhari once again lagos is not nigeria,2020-02-25 23:38:59,b'@MBuhari once again lagos is not nigeria'
1232449900530393089,mariam_muhammed,1151,RT @Ojahy1: A tanker fell on the Lagos ibadan express way and it's on fire right now üî•üî•üî•üî• https://t.co/e4D1dnk5rc,2020-02-25 23:38:48,"b""RT @Ojahy1: A tanker fell on the Lagos ibadan express way and it's on fire right now \xf0\x9f\x94\xa5\xf0\x9f\x94\xa5\xf0\x9f\x94\xa5\xf0\x9f\x94\xa5 https://t.co/e4D1dnk5rc"""
1232449867546411009,Dstrangenathan,1556,"RT @TheViralTrendz: --  Lady helps her boyfriend regain  freedom after capturing SARS operatives planting weed in his car at Mile12, Lagos‚Ä¶",2020-02-25 23:38:40,"b'RT @TheViralTrendz: --  Lady helps her boyfriend regain  freedom after capturing SARS operatives planting weed in his car at Mile12, Lagos\xe2\x80\xa6'"
1232449817147670529,Vesin2,471,"RT @DrJoeAbah: Being on Twitter is just like living in Lagos. While you live there, you can‚Äôt imagine living anywhere else. But once you le‚Ä¶",2020-02-25 23:38:28,"b'RT @DrJoeAbah: Being on Twitter is just like living in Lagos. While you live there, you can\xe2\x80\x99t imagine living anywhere else. But once you le\xe2\x80\xa6'"
1232449798520725507,Birthdaysng,8301,"If today 26th of February is your birthday, Please Follow, Like, Retweet and Reply with your Picture and a message‚Ä¶ https://t.co/G2QOvboyen",2020-02-25 23:38:24,"b'If today 26th of February is your birthday, Please Follow, Like, Retweet and Reply with your Picture and a message\xe2\x80\xa6 https://t.co/G2QOvboyen'"
1232449769332592640,Yh_riTe,643,"@MTNNG is officially the worst browsing network in Lagos, Nigeria. For a month now I‚Äôve had the worst browsing expe‚Ä¶ https://t.co/8Vmxw0VMQk",2020-02-25 23:38:17,"b'@MTNNG is officially the worst browsing network in Lagos, Nigeria. For a month now I\xe2\x80\x99ve had the worst browsing expe\xe2\x80\xa6 https://t.co/8Vmxw0VMQk'"
1232449686293729280,smilz_peter,80,"RT @mzgbeborun: @Glen_Motete @inimichaels Kindly support this hustle with your patronageüò©

I have Glow in the dark 3D Wall Stickers for sal‚Ä¶",2020-02-25 23:37:57,b'RT @mzgbeborun: @Glen_Motete @inimichaels Kindly support this hustle with your patronage\xf0\x9f\x98\xa9\n\nI have Glow in the dark 3D Wall Stickers for sal\xe2\x80\xa6'
1232449662864384000,GreatKahuja,163,@ArchieWonda @kayode_william @atriedesP @asemota @nelsonchudi D access Bayelsa has 2 sea is already cut off by dat‚Ä¶ https://t.co/gOQmcN93Of,2020-02-25 23:37:52,b'@ArchieWonda @kayode_william @atriedesP @asemota @nelsonchudi D access Bayelsa has 2 sea is already cut off by dat\xe2\x80\xa6 https://t.co/gOQmcN93Of'
1232449622087389185,alaminmanzuma,1664,"RT @3rdworldugliest: Hi everyone, I've never tried this but I'm way out of options. PLEASE HELP ME SAVE MY MOM.

She was diagnosed with bre‚Ä¶",2020-02-25 23:37:42,"b""RT @3rdworldugliest: Hi everyone, I've never tried this but I'm way out of options. PLEASE HELP ME SAVE MY MOM.\n\nShe was diagnosed with bre\xe2\x80\xa6"""
1232449601774292993,keekeepee,96,"Starts taking orders from March 
#smallchopsinontario #smallchopsintoronto#cocktailsincanada#grills#fingerfoods#cho‚Ä¶ https://t.co/kO8MXDjP7P",2020-02-25 23:37:37,b'Starts taking orders from March \n#smallchopsinontario #smallchopsintoronto#cocktailsincanada#grills#fingerfoods#cho\xe2\x80\xa6 https://t.co/kO8MXDjP7P'
1232449593331183617,AbdulganiyuH,386,"RT @MobilePunch: Gridlock, passengers stranded as fuel tanker explodes on Lagos-Ibadan Expressway
https://t.co/pUT0gGHPfb",2020-02-25 23:37:35,"b'RT @MobilePunch: Gridlock, passengers stranded as fuel tanker explodes on Lagos-Ibadan Expressway\nhttps://t.co/pUT0gGHPfb'"
1232449522619437058,uwakings1,493,"@DeLordun @NnamdiChife Continue to live in denial. 

""This is an annual report produced in conjunction with the Reg‚Ä¶ https://t.co/0fCFMSKePd",2020-02-25 23:37:18,"b'@DeLordun @NnamdiChife Continue to live in denial. \n\n""This is an annual report produced in conjunction with the Reg\xe2\x80\xa6 https://t.co/0fCFMSKePd'"
1232449500490240001,cybersec_feeds,6691,"RT @CYSECNG: CYSEC Hangout February edition will be holding in #Lagos #Delta &amp; #Abuja 29th of February, 2020. 

The focus areas that the CT‚Ä¶",2020-02-25 23:37:13,"b'RT @CYSECNG: CYSEC Hangout February edition will be holding in #Lagos #Delta &amp; #Abuja 29th of February, 2020. \n\nThe focus areas that the CT\xe2\x80\xa6'"
1232449418747494406,ihotu__,306,"RT @oluwamayowa_a: How come nobody has quoted this with
""After graduating from the Faculty of Law, University of Lagos""??? üòÇüòÇ",2020-02-25 23:36:53,"b'RT @oluwamayowa_a: How come nobody has quoted this with\n""After graduating from the Faculty of Law, University of Lagos""??? \xf0\x9f\x98\x82\xf0\x9f\x98\x82'"
1232449369158238208,babalola_20,523,"RT @MobilePunch: [ICYMI] 2023: Lagos APC backs Tinubu, says ex-gov qualified
https://t.co/vJZYYnz8kd",2020-02-25 23:36:42,"b'RT @MobilePunch: [ICYMI] 2023: Lagos APC backs Tinubu, says ex-gov qualified\nhttps://t.co/vJZYYnz8kd'"
1232449367820234752,georgekemzyowen,675,"ü•∫ü•∫ü•∫üò©üò©üò© Today was not funny at all with a conductor I met at the bus stop!!!! @ Alimoso, Lagos, Nigeria https://t.co/xwQmxU65sc",2020-02-25 23:36:41,"b'\xf0\x9f\xa5\xba\xf0\x9f\xa5\xba\xf0\x9f\xa5\xba\xf0\x9f\x98\xa9\xf0\x9f\x98\xa9\xf0\x9f\x98\xa9 Today was not funny at all with a conductor I met at the bus stop!!!! @ Alimoso, Lagos, Nigeria https://t.co/xwQmxU65sc'"
1232449304716955648,TMGExclusive,257,@DOlusegun He should come to Lagos na. Why go to ondo. We will show him a warm welcome..ü§ó,2020-02-25 23:36:26,b'@DOlusegun He should come to Lagos na. Why go to ondo. We will show him a warm welcome..\xf0\x9f\xa4\x97'
1232449261788205057,myinfinixstory,331,"RT @chuxudo: SPEECH DELIVERED BY THE PRESIDENT OF THE NIGERIAN COUNCIL OF REGISTERED INSURANCE BROKERS, DR (MRS.) BOLA ONIGBOGI, FCIB AT TH‚Ä¶",2020-02-25 23:36:16,"b'RT @chuxudo: SPEECH DELIVERED BY THE PRESIDENT OF THE NIGERIAN COUNCIL OF REGISTERED INSURANCE BROKERS, DR (MRS.) BOLA ONIGBOGI, FCIB AT TH\xe2\x80\xa6'"
1232449239675895808,TheAristokratC,728,"What are you people really doing at the Social Media Week event? 

Just one of the Lagos righteousness that must be‚Ä¶ https://t.co/nPIlGShLlI",2020-02-25 23:36:11,b'What are you people really doing at the Social Media Week event? \n\nJust one of the Lagos righteousness that must be\xe2\x80\xa6 https://t.co/nPIlGShLlI'
1232449160554500096,_svssyy_xx,35777,"RT @MohaSheikh__: Lagos is crowded, chaotic, and crumbling. https://t.co/BBdsxDOYXL",2020-02-25 23:35:52,"b'RT @MohaSheikh__: Lagos is crowded, chaotic, and crumbling. https://t.co/BBdsxDOYXL'"
1232449148961447936,adeyemi_real,12,"RT @iam___pablo: @Ahdey_ I make and sell shoes according to customer specifications at affordable prices
Twitter- @the_mattpablo
Whatsapp a‚Ä¶",2020-02-25 23:35:49,b'RT @iam___pablo: @Ahdey_ I make and sell shoes according to customer specifications at affordable prices\nTwitter- @the_mattpablo\nWhatsapp a\xe2\x80\xa6'
1232449148953055233,lagos_giselle,694,"RT @latelateshow: this took me 27 hours to make so it better get like 10 million retweets üíú 

#BTSCarpoolTONIGHT https://t.co/Qf02ARqAJz",2020-02-25 23:35:49,b'RT @latelateshow: this took me 27 hours to make so it better get like 10 million retweets \xf0\x9f\x92\x9c \n\n#BTSCarpoolTONIGHT https://t.co/Qf02ARqAJz'
1232449084587266049,albertodagado,85,@timi_of_lagos @toolzbabe Single,2020-02-25 23:35:34,b'@timi_of_lagos @toolzbabe Single'
1232449076546785280,Adesanya_AZ,116,"RT @BTDTHub: #Vacancy
#Nigeria üá≥üá¨
#BTDTJobs

Role: Global Graduate Finance at British American Tobacco 
Location: Lagos

Requirements:
- Re‚Ä¶",2020-02-25 23:35:32,b'RT @BTDTHub: #Vacancy\n#Nigeria \xf0\x9f\x87\xb3\xf0\x9f\x87\xac\n#BTDTJobs\n\nRole: Global Graduate Finance at British American Tobacco \nLocation: Lagos\n\nRequirements:\n- Re\xe2\x80\xa6'
1232449033286778880,Yaks_sensei,643,RT @justempower: HAPPENING NOW: People living with disabilities from across Lagos are enroute to the Governor‚Äôs office to demand audience w‚Ä¶,2020-02-25 23:35:21,b'RT @justempower: HAPPENING NOW: People living with disabilities from across Lagos are enroute to the Governor\xe2\x80\x99s office to demand audience w\xe2\x80\xa6'
1232449008427102208,Adesanya_AZ,116,"RT @BTDTHub: #Vacancy
#Nigeria üá≥üá¨
#BTDTJobs

Role: Oracle - Technical Account Manager at Oracle 
Location: Lagos

To Apply: 

https://t.co/‚Ä¶",2020-02-25 23:35:16,b'RT @BTDTHub: #Vacancy\n#Nigeria \xf0\x9f\x87\xb3\xf0\x9f\x87\xac\n#BTDTJobs\n\nRole: Oracle - Technical Account Manager at Oracle \nLocation: Lagos\n\nTo Apply: \n\nhttps://t.co/\xe2\x80\xa6'
